ID,Gender,Archetype,Secondary,Image Type,Intensity,Context,Tags,Flat Lay Description,Contextual Props,AI Generation Prompt,
PURE ARCHETYPE IMAGES — 48 images (8 archetypes × 3 intensities × 2 genders),,,,,,,,,,,
P001,Male,Classic,—,Pure,Restrained,Neutral,"classic, pure, restrained, male","Relaxed weekend classic — soft cashmere V-neck sweater in oatmeal, well-fitted chinos in sand, brown leather belt, white cotton tee visible underneath","Folded weekend newspaper, ceramic coffee cup, linen napkin on light wood surface","Overhead flat lay photograph, men's relaxed classic weekend outfit, oatmeal cashmere V-neck sweater neatly folded, sand chinos folded beside, brown leather belt coiled, white cotton tee peeking out, arranged on light oak wood surface, folded weekend newspaper, ceramic coffee cup, linen napkin, warm natural daylight, editorial styling, soft shadows, high-end lifestyle photography, 4k, photorealistic",
P002,Male,Classic,—,Pure,Moderate,Neutral,"classic, pure, moderate, male","Polished everyday classic — navy blazer, light blue oxford shirt, charcoal wool trousers, brown leather belt, white pocket square","Leather folio, fountain pen, quality watch on marble surface","Overhead flat lay photograph, men's polished classic outfit, navy wool blazer laid flat, light blue oxford button-down shirt folded beneath, charcoal wool trousers folded neatly, brown leather belt, white linen pocket square, arranged on white marble surface, leather folio notebook, silver fountain pen, classic leather-strap watch, warm natural daylight, editorial styling, high-end fashion photography, 4k, photorealistic",
P003,Male,Classic,—,Pure,Bold,Neutral,"classic, pure, bold, male","Power classic — double-breasted charcoal suit, crisp white dress shirt, burgundy silk tie, polished oxfords implied by polish kit","Silver cufflinks, leather shoe polish kit, crystal glass on dark wood surface","Overhead flat lay photograph, men's power classic outfit, charcoal double-breasted suit jacket and matching trousers laid precisely, crisp white dress shirt, burgundy silk tie, silver cufflinks, arranged on dark walnut wood surface, leather shoe polish kit, crystal whiskey glass, polished silver tie bar, dramatic warm lighting, editorial styling, luxury fashion photography, 4k, photorealistic",
P004,Female,Classic,—,Pure,Restrained,Neutral,"classic, pure, restrained, female","Relaxed weekend classic — cream cable-knit sweater, camel wide-leg trousers, brown leather loafers, silk scarf in muted pattern","Hardcover book, reading glasses, ceramic mug on linen cloth","Overhead flat lay photograph, women's relaxed classic weekend outfit, cream cable-knit sweater neatly folded, camel wide-leg wool trousers folded beside, brown leather loafers, muted silk scarf in subtle paisley, arranged on natural linen cloth, hardcover book, tortoiseshell reading glasses, ceramic mug, warm natural daylight, editorial styling, soft shadows, high-end lifestyle photography, 4k, photorealistic",
P005,Female,Classic,—,Pure,Moderate,Neutral,"classic, pure, moderate, female","Polished everyday classic — tailored beige blazer, white silk blouse, navy pencil skirt, nude heels, pearl studs","Leather agenda, gold pen, quality watch on cream surface","Overhead flat lay photograph, women's polished classic outfit, tailored beige wool blazer laid flat, white silk blouse folded beneath, navy pencil skirt, nude pointed heels, small pearl stud earrings, arranged on cream linen surface, leather agenda planner, gold pen, delicate gold watch, warm natural daylight, editorial styling, high-end fashion photography, 4k, photorealistic",
P006,Female,Classic,—,Pure,Bold,Neutral,"classic, pure, bold, female","Power classic — structured black blazer with gold buttons, white silk shirt, high-waisted black trousers, statement gold brooch","Gold compact mirror, structured leather bag corner visible, on polished dark surface","Overhead flat lay photograph, women's power classic outfit, structured black blazer with gold buttons laid precisely, white silk shirt, high-waisted black tailored trousers, statement gold brooch, arranged on polished dark marble surface, gold compact mirror, corner of structured black leather handbag, dramatic warm lighting, editorial styling, luxury fashion photography, 4k, photorealistic",
P007,Male,Minimalist,—,Pure,Restrained,Neutral,"minimalist, pure, restrained, male","Soft minimalism — light grey cotton tee, off-white relaxed trousers, white leather sneakers","Single white ceramic cup, smooth concrete surface, one green plant leaf","Overhead flat lay photograph, men's soft minimalist outfit, light heather grey cotton tee folded precisely, off-white relaxed cotton trousers folded beside, clean white leather sneakers, arranged on smooth light concrete surface, single white ceramic cup, one small green leaf, very minimal props, soft diffused natural daylight, editorial styling, clean composition, high-end fashion photography, 4k, photorealistic",
P008,Male,Minimalist,—,Pure,Moderate,Neutral,"minimalist, pure, moderate, male","Clean minimalism — black crew-neck tee, dark grey tailored trousers, white minimalist sneakers, black leather belt","Matte black phone, single concrete object on light grey surface","Overhead flat lay photograph, men's clean minimalist outfit, black crew-neck cotton tee folded precisely, dark grey tailored trousers folded neatly, white minimalist sneakers, slim black leather belt, arranged on light grey smooth surface, matte black phone face down, single geometric concrete object, very clean sparse composition, soft even natural daylight, editorial styling, high-end fashion photography, 4k, photorealistic",
P009,Male,Minimalist,—,Pure,Bold,Neutral,"minimalist, pure, bold, male","Architectural minimalism — oversized black structured coat, all-black underneath, wide-leg black trousers, chunky sole black boots","Single black sphere, stark white surface, dramatic shadow","Overhead flat lay photograph, men's bold architectural minimalist outfit, oversized structured black wool coat laid flat, black mock-neck underneath, wide-leg black wool trousers, chunky-sole black leather boots, arranged on stark white surface, single matte black sphere, dramatic directional lighting casting sharp shadows, extremely sparse composition, editorial styling, avant-garde fashion photography, 4k, photorealistic",
P010,Female,Minimalist,—,Pure,Restrained,Neutral,"minimalist, pure, restrained, female","Soft minimalism — white linen oversized shirt, beige wide-leg trousers, nude flat sandals","Single ceramic bowl, linen cloth, on light wood surface","Overhead flat lay photograph, women's soft minimalist outfit, white linen oversized shirt folded gently, beige wide-leg linen trousers folded beside, nude leather flat sandals, arranged on light pale wood surface, single handmade ceramic bowl, natural linen cloth, very minimal props, soft diffused natural daylight, editorial styling, clean composition, high-end fashion photography, 4k, photorealistic",
P011,Female,Minimalist,—,Pure,Moderate,Neutral,"minimalist, pure, moderate, female","Clean minimalism — black silk camisole, high-waisted cream trousers, black pointed mules, thin gold chain","Matte white vase, single dried stem, on white marble surface","Overhead flat lay photograph, women's clean minimalist outfit, black silk camisole laid flat, high-waisted cream tailored trousers folded neatly, black pointed-toe mules, single thin delicate gold chain necklace, arranged on white marble surface, small matte white ceramic vase with single dried stem, very clean sparse composition, soft even natural daylight, editorial styling, high-end fashion photography, 4k, photorealistic",
P012,Female,Minimalist,—,Pure,Bold,Neutral,"minimalist, pure, bold, female","Architectural minimalism — oversized black wool cape-coat, black column dress underneath, black ankle boots, no accessories","Single white geometric sculpture, stark surface, dramatic shadow","Overhead flat lay photograph, women's bold architectural minimalist outfit, oversized black structured wool cape-coat laid dramatically, black column dress folded beneath, black leather ankle boots, zero accessories, arranged on stark white surface, single white geometric sculpture, dramatic directional lighting casting sharp shadows, extremely sparse composition, editorial styling, avant-garde fashion photography, 4k, photorealistic",
P013,Male,Romantic,—,Pure,Restrained,Neutral,"romantic, pure, restrained, male","Subtle romantic — soft pink oxford shirt, cream chinos, suede loafers in dusty rose, braided leather bracelet","Single dried rose, vintage paperback, on weathered white wood","Overhead flat lay photograph, men's subtle romantic outfit, soft dusty pink oxford shirt folded gently, cream cotton chinos folded beside, dusty rose suede loafers, thin braided leather bracelet, arranged on weathered white-washed wood surface, single dried pink rose, vintage paperback book with worn cover, warm soft natural daylight, editorial styling, gentle shadows, high-end lifestyle photography, 4k, photorealistic",
P014,Male,Romantic,—,Pure,Moderate,Neutral,"romantic, pure, moderate, male","Romantic gentleman — floral print shirt in muted tones, navy linen trousers, tan suede chelsea boots, pocket square with soft pattern","Dried lavender bunch, vintage compass, on aged linen cloth","Overhead flat lay photograph, men's romantic outfit, muted floral print button-down shirt in soft blues and blush tones laid flat, navy linen trousers folded neatly, tan suede chelsea boots, soft patterned pocket square, arranged on aged natural linen cloth, small bunch of dried lavender, vintage brass compass, warm golden natural daylight, editorial styling, high-end fashion photography, 4k, photorealistic",
P015,Male,Romantic,—,Pure,Bold,Neutral,"romantic, pure, bold, male","Full romantic — velvet blazer in deep burgundy, ruffled-front white shirt, dark floral tie, slim dark trousers","Antique pocket watch, full blown rose, silk ribbon, on dark velvet surface","Overhead flat lay photograph, men's bold romantic outfit, deep burgundy velvet blazer laid flat, white shirt with subtle ruffle front detail, dark floral silk tie, slim dark trousers, arranged on dark velvet surface, antique gold pocket watch, fully bloomed deep red rose, silk ribbon, warm dramatic golden lighting, editorial styling, rich textures, luxury fashion photography, 4k, photorealistic",
P016,Female,Romantic,—,Pure,Restrained,Neutral,"romantic, pure, restrained, female","Subtle romantic — soft blush knit cardigan, cream silk camisole, midi skirt in dusty rose, ballet flats","Single peony, pearl hair clip, on soft pink surface","Overhead flat lay photograph, women's subtle romantic outfit, soft blush pink knit cardigan folded gently, cream silk camisole, dusty rose midi skirt, nude ballet flats, arranged on soft pink linen surface, single blush peony, small pearl hair clip, warm soft natural daylight, editorial styling, very gentle shadows, high-end lifestyle photography, 4k, photorealistic",GPT
P017,Female,Romantic,—,Pure,Moderate,Neutral,"romantic, pure, moderate, female","Romantic feminine — floral midi dress in soft watercolor print, delicate gold necklace, nude strappy sandals, small structured bag in blush","Dried peonies, vintage perfume bottle, silk ribbon on antique white surface","Overhead flat lay photograph, women's romantic outfit, watercolor floral print midi dress in soft pinks and greens laid beautifully, delicate layered gold necklace, nude strappy heeled sandals, small structured blush leather bag, arranged on antique white painted wood surface, bunch of dried pink peonies, vintage glass perfume bottle, silk ribbon, warm golden natural daylight, editorial styling, high-end fashion photography, 4k, photorealistic",Gemini
P018,Female,Romantic,—,Pure,Bold,Neutral,"romantic, pure, bold, female","Full romantic — off-shoulder lace blouse in ivory, tulle midi skirt in dusty mauve, embellished heels, chandelier earrings","Full bouquet of garden roses, antique hand mirror, on draped silk fabric surface","Overhead flat lay photograph, women's bold romantic outfit, ivory off-shoulder lace blouse laid flat with delicate detail visible, dusty mauve tulle midi skirt arranged with volume, embellished pointed heels, crystal chandelier drop earrings, arranged on draped champagne silk fabric, full bouquet of garden roses in pink and cream, antique silver hand mirror, warm dramatic golden lighting, editorial styling, luxury fashion photography, 4k, photorealistic",
P019,Male,Natural,—,Pure,Restrained,Neutral,"natural, pure, restrained, male","Easy natural — washed cotton tee in sage green, khaki shorts, canvas sneakers, woven friendship bracelet","Small succulent, smooth river stone, on raw cotton cloth","Overhead flat lay photograph, men's easy natural outfit, washed sage green cotton tee folded casually, khaki cotton shorts folded beside, off-white canvas sneakers, simple woven friendship bracelet, arranged on raw unbleached cotton cloth, small succulent in terracotta pot, smooth grey river stone, warm natural daylight, casual editorial styling, relaxed composition, high-end lifestyle photography, 4k, photorealistic",llmarena
P020,Male,Natural,—,Pure,Moderate,Neutral,"natural, pure, moderate, male","Earthy natural — oatmeal linen shirt, olive green cotton trousers, brown leather sandals, woven belt","Dried herbs bundle, handmade pottery mug, woven basket edge, on raw wood surface","Overhead flat lay photograph, men's earthy natural outfit, oatmeal linen button-down shirt folded gently, olive green cotton trousers folded beside, brown leather sandals, woven leather belt, arranged on raw pale wood surface, small bundle of dried herbs, handmade speckled pottery mug, edge of woven basket visible, warm natural daylight, editorial styling, organic feel, high-end lifestyle photography, 4k, photorealistic",
P021,Male,Natural,—,Pure,Bold,Neutral,"natural, pure, bold, male","Deep natural — heavy linen overshirt in rust, undyed hemp tee, raw denim, handwoven scarf, leather work boots","Dried wheat stalks, wooden bowl, raw clay, on reclaimed barn wood surface","Overhead flat lay photograph, men's committed natural outfit, heavy rust linen overshirt laid flat, undyed natural hemp tee, raw selvedge denim folded, handwoven earth-tone scarf, brown leather work boots, arranged on reclaimed barn wood surface, bundle of dried wheat stalks, carved wooden bowl, piece of raw unglazed clay, warm golden natural daylight, editorial styling, artisan feel, high-end lifestyle photography, 4k, photorealistic",
P022,Female,Natural,—,Pure,Restrained,Neutral,"natural, pure, restrained, female","Easy natural — white cotton tee, faded denim shorts, tan leather slides, simple wooden bead bracelet","Small potted herb, cotton tote corner visible, on light wood surface","Overhead flat lay photograph, women's easy natural outfit, white cotton tee folded casually, faded light denim shorts folded beside, tan leather slide sandals, simple wooden bead bracelet, arranged on light birch wood surface, small potted rosemary plant, corner of natural cotton tote bag visible, warm natural daylight, casual editorial styling, relaxed composition, high-end lifestyle photography, 4k, photorealistic",
P023,Female,Natural,—,Pure,Moderate,Neutral,"natural, pure, moderate, female","Earthy natural — loose linen dress in warm terracotta, woven leather belt, tan leather sandals, wooden hoop earrings","Ceramic vase with dried grasses, woven basket, on raw cotton cloth over wood","Overhead flat lay photograph, women's earthy natural outfit, warm terracotta loose linen dress laid flat with drape visible, woven leather waist belt, tan leather strappy sandals, wooden hoop earrings, arranged on raw cotton cloth over natural wood surface, ceramic vase with dried pampas grass, small woven basket, warm natural daylight, editorial styling, organic feel, high-end lifestyle photography, 4k, photorealistic",llmarena gemini
P024,Female,Natural,—,Pure,Bold,Neutral,"natural, pure, bold, female","Deep natural — chunky handknit cardigan in oatmeal, hemp maxi dress in earth brown, leather wrap sandals, layered wooden and stone jewelry","Dried botanical arrangement, clay pot, raw linen, on weathered reclaimed wood","Overhead flat lay photograph, women's committed natural outfit, chunky hand-knit oatmeal wool cardigan laid with texture visible, earth brown hemp maxi dress folded beneath, leather wraParound sandals, layered wooden bead and raw stone necklaces, arranged on weathered reclaimed wood surface, dried botanical arrangement in handmade clay pot, raw linen cloth, warm golden natural daylight, editorial styling, artisan craft feel, high-end lifestyle photography, 4k, photorealistic",
P025,Male,Creative,—,Pure,Restrained,Neutral,"creative, pure, restrained, male","Subtle creative — color-blocked sweater in muted tones, unexpected trouser color (olive), patterned socks, suede shoes in unusual tone","Art postcard, colored pencil, small ceramic figure, on painted surface","Overhead flat lay photograph, men's subtly creative outfit, color-blocked knit sweater in muted terracotta and dusty blue folded neatly, olive cotton trousers, patterned striped socks, dusty pink suede derby shoes, arranged on muted painted surface, vintage art postcard, single colored pencil, small abstract ceramic figurine, warm natural daylight, editorial styling, curated composition, high-end fashion photography, 4k, photorealistic",
P026,Male,Creative,—,Pure,Moderate,Neutral,"creative, pure, moderate, male","Creative expression — printed camPcollar shirt in mixed pattern, contrasting chinos in mustard, bold-frame glasses, patterned canvas sneakers","Paint tubes scattered, stacked art books, colorful ceramics, on patterned fabric","Overhead flat lay photograph, men's creative outfit, boldly printed camPcollar shirt in mixed geometric and botanical pattern laid flat, mustard cotton chinos folded beside, thick-frame tortoiseshell glasses, patterned canvas sneakers, arranged on vibrant patterned fabric surface, scattered paint tubes, stack of art books, small colorful ceramic objects, warm bright natural daylight, editorial styling, energetic composition, high-end fashion photography, 4k, photorealistic",
P027,Male,Creative,—,Pure,Bold,Neutral,"creative, pure, bold, male","Full creative — clashing patterns on shirt and trousers, bright unexpected color combination, deconstructed jacket, art-print accessories","Spray paint cans, art zines, paint palette, on splattered canvas surface","Overhead flat lay photograph, men's bold creative outfit, clashing patterned oversized shirt in vibrant abstract print, contrasting patterned trousers in bold color, deconstructed asymmetric jacket, art-print tote bag, arranged on paint-splattered canvas surface, colorful spray paint cans, stacked art zines, used paint palette, bright dynamic natural daylight, editorial styling, maximalist energetic composition, high-end fashion photography, 4k, photorealistic",
P028,Female,Creative,—,Pure,Restrained,Neutral,"creative, pure, restrained, female","Subtle creative — unexpected color pairing skirt and top (lavender with olive), interesting texture mix, one quirky accessory","Watercolor set, illustrated postcard, on light painted wood","Overhead flat lay photograph, women's subtly creative outfit, lavender knit top folded neatly, olive green pleated midi skirt, textured woven mules in warm tone, one quirky beaded brooch, arranged on light painted wood surface, small watercolor paint set, illustrated vintage postcard, warm natural daylight, editorial styling, curated whimsical composition, high-end fashion photography, 4k, photorealistic",
P029,Female,Creative,—,Pure,Moderate,Neutral,"creative, pure, moderate, female","Creative expression — mixed-print midi dress, colored tights, platform shoes in unexpected color, layered eclectic jewelry","Art books, colorful bangles scattered, fabric scraps, on richly patterned surface","Overhead flat lay photograph, women's creative outfit, mixed-print midi dress in vibrant colors and patterns laid beautifully, colored tights in contrasting hue, platform shoes in unexpected coral color, layered eclectic bead and chain necklaces, arranged on richly patterned textile surface, stacked art books, scattered colorful bangles, vintage fabric scraps, warm bright natural daylight, editorial styling, maximalist curated composition, high-end fashion photography, 4k, photorealistic",
P030,Female,Creative,—,Pure,Bold,Neutral,"creative, pure, bold, female","Full creative — clashing prints head-to-toe, asymmetric silhouette pieces, bold color explosion, statement handmade jewelry","Paint palette, art supplies explosion, handmade objects, on heavily layered textile surface","Overhead flat lay photograph, women's bold creative outfit, clashing patterned asymmetric top in bright abstract print, contrasting patterned wide-leg trousers, sculptural platform shoes, oversized handmade statement necklace, arranged on heavily layered colorful textile surface, artist paint palette, scattered brushes and art supplies, handmade ceramic objects, bright dynamic natural daylight, editorial styling, explosive maximalist composition, high-end fashion photography, 4k, photorealistic",
P031,Male,Edgy,—,Pure,Restrained,Neutral,"edgy, pure, restrained, male","Soft edgy — black cotton tee, dark grey slim jeans, black leather Chelsea boots, thin silver chain","Worn leather journal, matte black lighter, on dark concrete surface","Overhead flat lay photograph, men's soft edgy outfit, black cotton tee folded precisely, dark grey slim-fit jeans folded beside, black leather Chelsea boots, thin silver chain necklace, arranged on dark concrete surface, worn black leather journal, matte black zippo lighter, subtle moody natural daylight, editorial styling, dark minimal composition, high-end fashion photography, 4k, photorealistic",
P032,Male,Edgy,—,Pure,Moderate,Neutral,"edgy, pure, moderate, male","Core edgy — black leather biker jacket, black band tee, black skinny jeans, silver-hardware combat boots, silver rings","Chain, dark metal objects, vinyl record edge, on matte black industrial surface","Overhead flat lay photograph, men's edgy outfit, black leather biker jacket laid flat showing hardware, black graphic band tee, black skinny jeans, silver-hardware combat boots, collection of silver rings, arranged on matte black industrial metal surface, heavy silver chain, dark patina metal objects, edge of vinyl record visible, moody directional lighting, editorial styling, dark industrial composition, high-end fashion photography, 4k, photorealistic",
P033,Male,Edgy,—,Pure,Bold,Neutral,"edgy, pure, bold, male","Full edgy — studded leather jacket, distressed mesh top, coated black jeans, platform boots with buckles, heavy silver jewelry","Spiked accessories, dark chains, torn fabric, on raw industrial metal surface","Overhead flat lay photograph, men's bold edgy outfit, heavily studded black leather jacket laid flat showing all hardware, distressed black mesh top, coated black skinny jeans, tall platform boots with multiple buckles, heavy silver skull ring and chain bracelet, arranged on raw industrial metal surface, spiked wristband, dark heavy chains, torn black fabric, dramatic harsh directional lighting, editorial styling, aggressive industrial composition, high-end fashion photography, 4k, photorealistic",
P034,Female,Edgy,—,Pure,Restrained,Neutral,"edgy, pure, restrained, female","Soft edgy — black silk camisole, dark grey leather-look leggings, black ankle boots with small buckle, delicate silver ear cuff","Matte black candle, small silver ring dish, on dark slate surface","Overhead flat lay photograph, women's soft edgy outfit, black silk camisole laid flat, dark grey leather-look leggings folded beside, black ankle boots with small silver buckle, delicate silver ear cuff, arranged on dark natural slate surface, matte black pillar candle, small silver ring dish, subtle moody natural daylight, editorial styling, dark minimal composition, high-end fashion photography, 4k, photorealistic",
P035,Female,Edgy,—,Pure,Moderate,Neutral,"edgy, pure, moderate, female","Core edgy — black leather moto jacket, black lace-trim top, dark coated skinny jeans, pointed-toe black boots with silver hardware, layered chains","Dark sunglasses, silver hardware pieces, black roses, on dark industrial surface","Overhead flat lay photograph, women's edgy outfit, black leather moto jacket laid flat showing asymmetric zip and hardware, black lace-trim camisole, dark coated skinny jeans, pointed-toe black boots with silver hardware, layered silver chain necklaces, arranged on dark industrial metal surface, black angular sunglasses, silver hardware pieces, single black-dyed rose, moody directional lighting, editorial styling, dark industrial composition, high-end fashion photography, 4k, photorealistic",
P036,Female,Edgy,—,Pure,Bold,Neutral,"edgy, pure, bold, female","Full edgy — studded cropped leather jacket, mesh and leather corset top, distressed black skirt, thigh-high boots, heavy chains and cuffs","Spiked accessories, safety pins, dark chains, on raw metal with scratches","Overhead flat lay photograph, women's bold edgy outfit, studded cropped black leather jacket, mesh panel and leather corset-style top, distressed black mini skirt, black thigh-high boots, heavy silver chain choker and spiked cuff bracelet, arranged on scratched raw metal surface, safety pins scattered, dark heavy chains, spiked accessories, dramatic harsh directional lighting, editorial styling, aggressive industrial composition, high-end fashion photography, 4k, photorealistic",
P037,Male,Dramatic,—,Pure,Restrained,Neutral,"dramatic, pure, restrained, male","Quiet dramatic — all-black tonal outfit, black turtleneck, black tailored trousers, subtle difference in texture between pieces","Single geometric object, on matte black surface with subtle shadow","Overhead flat lay photograph, men's quiet dramatic outfit, black merino turtleneck folded precisely, black tailored wool trousers with subtle texture difference, black leather dress boots, arranged on matte dark surface, single black geometric angular object, subtle dramatic shadow, restrained but powerful composition, soft directional lighting, editorial styling, high-end fashion photography, 4k, photorealistic",
P038,Male,Dramatic,—,Pure,Moderate,Neutral,"dramatic, pure, moderate, male","Architectural dramatic — strong-shouldered black overcoat, monochrome layering underneath, wide-leg trousers, statement boots","Geometric sculpture, sharPangled objects, on stark contrasting surface","Overhead flat lay photograph, men's dramatic outfit, strong-shouldered structured black wool overcoat laid flat emphasizing shoulder line, black mock-neck knit, charcoal wide-leg tailored trousers, chunky black leather statement boots, arranged on stark white surface creating high contrast, small geometric metal sculpture, angular objects, dramatic directional lighting with sharp shadows, bold editorial styling, high-end fashion photography, 4k, photorealistic",
P039,Male,Dramatic,—,Pure,Bold,Neutral,"dramatic, pure, bold, male","Maximum dramatic — floor-length structured coat, exaggerated proportions, all black with one stark white element, oversized everything","Large angular sculpture, extreme shadow, on pure white surface","Overhead flat lay photograph, men's bold dramatic outfit, floor-length structured black wool coat laid flat spanning the frame, oversized black tailored trousers, stark white shirt as single contrast element, chunky architectural sole boots, arranged on pure white surface, large angular black sculpture, extreme dramatic shadows, maximally bold composition, harsh directional lighting, avant-garde editorial styling, high-end fashion photography, 4k, photorealistic",
P040,Female,Dramatic,—,Pure,Restrained,Neutral,"dramatic, pure, restrained, female","Quiet dramatic — all-black tonal outfit, structured black blouse, black wide-leg trousers, subtle shoulder emphasis, single bold earring","Single angular object, on dark surface with controlled shadow","Overhead flat lay photograph, women's quiet dramatic outfit, structured black silk blouse with subtle shoulder emphasis folded precisely, black wide-leg wool trousers, pointed-toe black heels, single bold geometric gold earring, arranged on dark matte surface, single angular metallic object, controlled dramatic shadow, restrained powerful composition, soft directional lighting, editorial styling, high-end fashion photography, 4k, photorealistic",GPT
P041,Female,Dramatic,—,Pure,Moderate,Neutral,"dramatic, pure, moderate, female","Architectural dramatic — sculptural-shouldered black blazer, column dress underneath, statement belt, sharPtoe boots","Geometric sculpture, angular objects, dramatic shadow, on stark surface","Overhead flat lay photograph, women's dramatic outfit, sculptural-shouldered black blazer with exaggerated shoulder line laid flat, black column dress folded beneath, wide statement silver belt, sharPpointed-toe black boots, arranged on stark white surface creating high contrast, geometric metal sculpture, angular objects, dramatic directional lighting with sharp shadows, bold editorial styling, high-end fashion photography, 4k, photorealistic",
P042,Female,Dramatic,—,Pure,Bold,Neutral,"dramatic, pure, bold, female","Maximum dramatic — floor-length cape coat, avant-garde silhouette, monochrome with extreme proportions, sculptural shoes","Large abstract sculpture, extreme shadow play, on pure white surface","Overhead flat lay photograph, women's bold dramatic outfit, floor-length structured cape coat in black laid dramatically spanning frame, avant-garde asymmetric dress beneath, sculptural platform heels, single oversized geometric cuff, arranged on pure white surface, large abstract black sculpture, extreme dramatic shadow play, maximally bold composition, harsh directional lighting, avant-garde editorial styling, high-end fashion photography, 4k, photorealistic",
P043,Male,Sporty,—,Pure,Restrained,Neutral,"sporty, pure, restrained, male","Casual sporty — clean grey cotton hoodie, navy jogger trousers, white low-top sneakers, simple rubber watch","Water bottle, clean towel fold, on light rubber surface","Overhead flat lay photograph, men's casual sporty outfit, clean heather grey cotton hoodie folded neatly, navy slim jogger trousers folded beside, white low-top leather sneakers, simple black rubber-strap watch, arranged on light grey rubber mat surface, stainless steel water bottle, neatly folded small white towel, clean bright natural daylight, editorial styling, fresh clean composition, high-end lifestyle photography, 4k, photorealistic",
P044,Male,Sporty,—,Pure,Moderate,Neutral,"sporty, pure, moderate, male","Athletic leisure — ziPfront track jacket in navy, performance tee in grey, tapered joggers, premium running sneakers","Stainless water bottle, wireless earbuds case, on clean light surface","Overhead flat lay photograph, men's athletic leisure outfit, navy ziPfront track jacket with subtle stripe detail laid flat, grey performance tee, tapered black jogger trousers, premium running sneakers in white and grey, arranged on clean light grey surface, brushed steel water bottle, white wireless earbuds case, clean bright natural daylight, editorial styling, sporty fresh composition, high-end fashion photography, 4k, photorealistic",
P045,Male,Sporty,—,Pure,Bold,Neutral,"sporty, pure, bold, male","Statement sporty — bold color-blocked windbreaker, compression-fit performance tee, sleek running tights, high-tech sneakers in bright colorway","Premium gym bag corner, fitness tracker, on clean technical surface","Overhead flat lay photograph, men's bold sporty outfit, color-blocked windbreaker in black and electric blue laid flat, black compression-fit performance tee, sleek black running tights, high-tech sneakers in bright blue and white colorway, arranged on clean technical surface, corner of premium black gym bag, fitness tracker watch, dynamic bright natural daylight, editorial styling, energetic bold composition, high-end fashion photography, 4k, photorealistic",
P046,Female,Sporty,—,Pure,Restrained,Neutral,"sporty, pure, restrained, female","Casual sporty — soft cropped sweatshirt in blush, high-waisted leggings in black, clean white sneakers, simple ponytail scrunchie","Pastel water bottle, small towel, on light yoga mat surface","Overhead flat lay photograph, women's casual sporty outfit, soft cropped blush pink sweatshirt folded neatly, black high-waisted leggings folded beside, clean white leather sneakers, simple velvet scrunchie, arranged on light pink yoga mat surface, pastel pink water bottle, small folded white towel, clean bright natural daylight, editorial styling, fresh soft composition, high-end lifestyle photography, 4k, photorealistic",
P047,Female,Sporty,—,Pure,Moderate,Neutral,"sporty, pure, moderate, female","Athletic leisure — sleek ziPup jacket in charcoal, performance tank in white, high-waisted sculpt leggings, premium sneakers","Steel water bottle, wireless earbuds, on clean light surface","Overhead flat lay photograph, women's athletic leisure outfit, sleek charcoal ziPup performance jacket laid flat, white racerback performance tank, high-waisted black sculpt leggings, premium white and grey running sneakers, arranged on clean light grey surface, brushed steel water bottle, white wireless earbuds case, clean bright natural daylight, editorial styling, sporty polished composition, high-end fashion photography, 4k, photorealistic",
P048,Female,Sporty,—,Pure,Bold,Neutral,"sporty, pure, bold, female","Statement sporty — bold color-blocked sports bra and matching leggings set, oversized mesh layering top, chunky fashion sneakers in bright colorway","Premium gym bag, bright accessories, on dynamic surface","Overhead flat lay photograph, women's bold sporty outfit, color-blocked sports bra in bright coral and black, matching high-waisted leggings, oversized white mesh layering top, chunky fashion sneakers in coral and white, arranged on clean dynamic surface, premium black gym bag corner visible, bright coral resistance band, dynamic bright natural daylight, editorial styling, energetic bold composition, high-end fashion photography, 4k, photorealistic",llmarena gemini
BLEND IMAGES — 24 images (12 adjacent pairs × 2 genders),,,,,,,,,,,
P049,Male,Classic,Minimalist,Blend,Moderate,Neutral,"classic, minimalist, blend, male","Tailored but stripped back — unstructured navy blazer, white tee, grey trousers, clean white sneakers. Heritage quality, zero embellishment","Single quality notebook, on clean light surface","Overhead flat lay photograph, men's classic-minimalist blend outfit, unstructured navy cotton blazer laid flat, plain white premium cotton tee, medium grey tailored trousers, clean white leather minimalist sneakers, arranged on clean light grey surface, single quality leather notebook, very sparse clean composition, warm natural daylight, editorial styling, refined simplicity, high-end fashion photography, 4k, photorealistic",
P050,Female,Classic,Minimalist,Blend,Moderate,Neutral,"classic, minimalist, blend, female","Refined simplicity — cream cashmere sweater, tailored black trousers, nude pointed flats, single gold bangle","Quality leather card case, on white marble surface","Overhead flat lay photograph, women's classic-minimalist blend outfit, cream cashmere crew-neck sweater folded precisely, tailored black wool trousers, nude pointed-toe leather flats, single thin gold bangle, arranged on white marble surface, quality tan leather card case, very sparse refined composition, warm natural daylight, editorial styling, quiet luxury, high-end fashion photography, 4k, photorealistic",
P051,Male,Classic,Natural,Blend,Moderate,Neutral,"classic, natural, blend, male","Heritage casual — washed linen blazer in sand, chambray shirt, chinos in olive, brown leather boat shoes","Leather-bound journal, on weathered wood with linen cloth","Overhead flat lay photograph, men's classic-natural blend outfit, washed sand linen blazer laid flat with soft structure, blue chambray shirt, olive cotton chinos folded beside, brown leather boat shoes, arranged on weathered light wood surface with natural linen cloth, leather-bound journal, warm natural daylight, editorial styling, relaxed heritage composition, high-end lifestyle photography, 4k, photorealistic",
P052,Female,Classic,Natural,Blend,Moderate,Neutral,"classic, natural, blend, female","Heritage organic — oatmeal linen blazer, white cotton shirt, camel wide-leg trousers, tan woven leather sandals","Straw hat edge, dried wildflowers, on light wood with linen","Overhead flat lay photograph, women's classic-natural blend outfit, oatmeal linen blazer laid flat with soft structure, white cotton button-front shirt, camel wide-leg linen trousers, tan woven leather sandals, arranged on light wood surface with natural linen cloth, edge of straw sun hat visible, small bunch of dried wildflowers, warm golden natural daylight, editorial styling, relaxed heritage composition, high-end lifestyle photography, 4k, photorealistic",
P053,Male,Classic,Dramatic,Blend,Moderate,Neutral,"classic, dramatic, blend, male","Power suiting — sharp charcoal suit, strong shoulder, black shirt, no tie, polished black shoes","Polished cufflinks, on dark polished surface with sharp shadow","Overhead flat lay photograph, men's classic-dramatic blend outfit, sharp charcoal wool suit with strong shoulder line laid precisely, black dress shirt, no tie, polished black oxford shoes, silver cufflinks, arranged on dark polished surface, dramatic directional lighting creating sharp shadow, powerful refined composition, editorial styling, high-end fashion photography, 4k, photorealistic",
P054,Female,Classic,Dramatic,Blend,Moderate,Neutral,"classic, dramatic, blend, female","Power feminine — black tailored blazer with sharp shoulders, white silk shirt, high-waisted black wide-leg trousers, pointed stilettos","Gold statement earrings, on dark marble with dramatic light","Overhead flat lay photograph, women's classic-dramatic blend outfit, black tailored blazer with sharp defined shoulders laid precisely, white silk shirt, high-waisted black wide-leg trousers, pointed black stiletto heels, bold gold geometric statement earrings, arranged on dark marble surface, dramatic directional lighting, powerful refined composition, editorial styling, high-end fashion photography, 4k, photorealistic",
P055,Male,Minimalist,Edgy,Blend,Moderate,Neutral,"minimalist, edgy, blend, male","Dark minimal — all black, clean lines, black tee, black slim trousers, black leather jacket without hardware, matte black boots","Matte black objects only, on dark concrete surface","Overhead flat lay photograph, men's minimalist-edgy blend outfit, clean-lined black leather jacket without excessive hardware laid flat, black premium cotton tee, black slim tailored trousers, matte black leather boots, arranged on dark concrete surface, matte black geometric objects, dark monochromatic composition, moody soft directional lighting, editorial styling, refined darkness, high-end fashion photography, 4k, photorealistic",
P056,Female,Minimalist,Edgy,Blend,Moderate,Neutral,"minimalist, edgy, blend, female","Dark minimal — black leather blazer, black silk tee, black tailored trousers, pointed black boots, single silver chain","Matte black objects, on dark slate surface","Overhead flat lay photograph, women's minimalist-edgy blend outfit, black leather blazer with clean minimal design laid flat, black silk tee, black tailored cigarette trousers, pointed black ankle boots, single delicate silver chain, arranged on dark natural slate surface, matte black geometric objects, dark monochromatic composition, moody soft directional lighting, editorial styling, refined darkness, high-end fashion photography, 4k, photorealistic",
P057,Male,Minimalist,Sporty,Blend,Moderate,Neutral,"minimalist, sporty, blend, male","Technical minimal — monochrome performance zip jacket, black technical trousers, premium white sneakers, everything sleek","Single steel water bottle, on clean white surface","Overhead flat lay photograph, men's minimalist-sporty blend outfit, monochrome grey performance zip-front jacket laid flat, black technical slim trousers, premium all-white minimalist sneakers, arranged on clean white surface, single brushed steel water bottle, extremely clean sparse composition, bright even natural daylight, editorial styling, technical precision, high-end fashion photography, 4k, photorealistic",
P058,Female,Minimalist,Sporty,Blend,Moderate,Neutral,"minimalist, sporty, blend, female","Technical minimal — sleek black zip jacket, white performance tank, black sculpt leggings, all-white premium sneakers","Single white object, on clean white surface","Overhead flat lay photograph, women's minimalist-sporty blend outfit, sleek black performance zip jacket laid flat, white minimal racerback tank, black sculpt leggings, all-white premium minimalist sneakers, arranged on clean white surface, single white ceramic object, extremely clean sparse composition, bright even natural daylight, editorial styling, technical precision, high-end fashion photography, 4k, photorealistic",
P059,Male,Romantic,Natural,Blend,Moderate,Neutral,"romantic, natural, blend, male","Gentle earthy — soft pink linen shirt, cream cotton trousers, woven leather sandals, braided bracelet","Wildflowers in clay vase, on garden table surface","Overhead flat lay photograph, men's romantic-natural blend outfit, soft dusty pink linen button-down shirt folded gently, cream cotton relaxed trousers, tan woven leather sandals, braided leather and bead bracelet, arranged on weathered garden wood surface, small bunch of wildflowers in handmade clay vase, warm soft golden daylight, editorial styling, gentle pastoral composition, high-end lifestyle photography, 4k, photorealistic",
P060,Female,Romantic,Natural,Blend,Moderate,Neutral,"romantic, natural, blend, female","Garden romantic — floral cotton dress in muted tones, woven straw bag, leather sandals, dried flower crown","Garden scissors, fresh herbs, on weathered garden table","Overhead flat lay photograph, women's romantic-natural blend outfit, muted floral cotton midi dress in soft pastels and greens laid beautifully, small woven straw bag, tan leather strappy sandals, delicate dried flower wreath, arranged on weathered garden wood table surface, vintage garden scissors, sprig of fresh herbs, warm soft golden daylight, editorial styling, pastoral romantic composition, high-end lifestyle photography, 4k, photorealistic",
P061,Male,Romantic,Creative,Blend,Moderate,Neutral,"romantic, creative, blend, male","Artistic romantic — painterly floral shirt in unexpected colors, velvet trousers in deep tone, suede shoes, vintage brooch","Watercolor palette, vintage postcards, on draped fabric","Overhead flat lay photograph, men's romantic-creative blend outfit, painterly floral shirt in unexpected blue and rose colors laid flat, deep plum velvet trousers, dusty rose suede shoes, vintage ornate brooch, arranged on draped patterned fabric, open watercolor palette, scattered vintage illustrated postcards, warm artistic golden daylight, editorial styling, bohemian artistic composition, high-end fashion photography, 4k, photorealistic",
P062,Female,Romantic,Creative,Blend,Moderate,Neutral,"romantic, creative, blend, female","Artistic romantic — watercolor-print wrap dress, mismatched earrings, embroidered bag, colored heels","Art supplies, fabric swatches, vintage mirror, on colorful layered surface","Overhead flat lay photograph, women's romantic-creative blend outfit, watercolor-print wrap dress in artistic swirling colors laid beautifully, mismatched statement earrings one gold one beaded, embroidered floral clutch bag, colored suede heels in unexpected tone, arranged on colorful layered textile surface, scattered art supplies, vintage fabric swatches, small ornate mirror, warm bright artistic daylight, editorial styling, whimsical artistic composition, high-end fashion photography, 4k, photorealistic",
P063,Male,Creative,Edgy,Blend,Moderate,Neutral,"creative, edgy, blend, male","Art punk — graphic-print oversized tee, paint-splattered jeans, platform sneakers, layered chains and art pins","Spray cans, zines, pins collection, on graffiti-influenced surface","Overhead flat lay photograph, men's creative-edgy blend outfit, graphic art-print oversized tee laid flat, black paint-splattered distressed jeans, platform sneakers in bold colorway, layered silver chains and enamel art pins, arranged on graffiti-influenced surface, colorful spray paint cans, stacked punk zines, collection of enamel pins, dynamic bright directional lighting, editorial styling, rebellious artistic composition, high-end fashion photography, 4k, photorealistic",
P064,Female,Creative,Edgy,Blend,Moderate,Neutral,"creative, edgy, blend, female","Art punk — graphic mesh top over colored bra, printed asymmetric skirt, combat boots, mixed art jewelry","Vinyl records, zines, bold stickers, on mixed media surface","Overhead flat lay photograph, women's creative-edgy blend outfit, graphic black mesh top, bright colored bralette beneath, printed asymmetric midi skirt in bold pattern, black combat boots, mixed art-piece jewelry layered chains and resin rings, arranged on mixed media collage surface, vinyl records, punk zines, bold colorful stickers, dynamic bright directional lighting, editorial styling, rebellious artistic composition, high-end fashion photography, 4k, photorealistic",
P065,Male,Creative,Dramatic,Blend,Moderate,Neutral,"creative, dramatic, blend, male","Avant-garde — sculptural oversized coat in unexpected color, deconstructed layers, architectural shoes, art piece accessories","Abstract sculpture, design magazine, on stark surface with dramatic light","Overhead flat lay photograph, men's creative-dramatic blend outfit, sculptural oversized coat in deep cobalt laid dramatically, deconstructed asymmetric black top, wide architectural trousers, geometric-sole black shoes, abstract metal accessory, arranged on stark white surface, abstract modernist sculpture, open design magazine, dramatic directional lighting with strong shadows, editorial styling, avant-garde bold composition, high-end fashion photography, 4k, photorealistic",
P066,Female,Creative,Dramatic,Blend,Moderate,Neutral,"creative, dramatic, blend, female","Avant-garde — sculptural dress in unexpected form, architectural heels, single statement art jewelry piece","Abstract art, architectural model, on stark surface with dramatic shadow","Overhead flat lay photograph, women's creative-dramatic blend outfit, sculptural dress in unexpected asymmetric form and vivid color laid dramatically, architectural geometric heels, single oversized abstract art-piece necklace, arranged on stark white surface, small abstract sculpture, architectural model, dramatic directional lighting with extreme shadows, editorial styling, avant-garde bold composition, high-end fashion photography, 4k, photorealistic",
P067,Male,Edgy,Dramatic,Blend,Moderate,Neutral,"edgy, dramatic, blend, male","Dark power — long black leather coat, black turtleneck, black wide-leg trousers, heavy silver rings, sharp boots","Heavy chains, dark angular objects, on black metal surface","Overhead flat lay photograph, men's edgy-dramatic blend outfit, long black leather coat laid flat spanning frame, black ribbed turtleneck, black wide-leg tailored trousers, sharp-toed black leather boots, collection of heavy silver rings, arranged on black metal surface, heavy dark chains, angular dark metal objects, dramatic harsh lighting with deep shadows, editorial styling, dark powerful composition, high-end fashion photography, 4k, photorealistic",
P068,Female,Edgy,Dramatic,Blend,Moderate,Neutral,"edgy, dramatic, blend, female","Dark power — structured black leather cape, black bodysuit, black wide trousers, sharp stiletto boots, bold dark jewelry","Dark chains, angular objects, black roses, on dark metal surface","Overhead flat lay photograph, women's edgy-dramatic blend outfit, structured black leather cape laid dramatically, black bodysuit, black wide-leg trousers, sharp pointed stiletto boots, bold dark chain necklace and spiked cuff, arranged on dark metal surface, dark chains, angular dark objects, black roses, dramatic harsh lighting with deep shadows, editorial styling, dark powerful composition, high-end fashion photography, 4k, photorealistic",
P069,Male,Sporty,Natural,Blend,Moderate,Neutral,"sporty, natural, blend, male","Trail casual — olive performance tee, tan hiking-inspired shorts, trail sneakers in earth tones, woven fabric watch strap","Trail map, canvas water canteen, on natural wood with leaves","Overhead flat lay photograph, men's sporty-natural blend outfit, olive green performance tee folded neatly, tan hiking-inspired shorts folded beside, trail sneakers in earth-tone brown and green, watch with woven fabric strap, arranged on natural wood surface with scattered leaves, folded trail map, canvas-wrapped water canteen, warm outdoor natural daylight, editorial styling, outdoorsy active composition, high-end lifestyle photography, 4k, photorealistic",
P070,Female,Sporty,Natural,Blend,Moderate,Neutral,"sporty, natural, blend, female","Trail casual — sage green performance tank, earth-tone leggings, trail sneakers, cotton baseball cap in neutral","Reusable water bottle in earth tone, trail snack, on natural wood surface","Overhead flat lay photograph, women's sporty-natural blend outfit, sage green performance tank top folded neatly, earth-tone brown and green patterned leggings, trail running sneakers in neutral earth tones, cotton baseball cap in sage, arranged on natural wood surface, earth-tone reusable water bottle, trail granola bar, warm outdoor natural daylight, editorial styling, outdoorsy active composition, high-end lifestyle photography, 4k, photorealistic",
P071,Male,Romantic,Classic,Blend,Moderate,Neutral,"romantic, classic, blend, male","Refined gentleman — soft blue cashmere sweater over white shirt collar, navy trousers, brown suede loafers, subtle floral pocket square","Leather-bound poetry book, dried sprig of lavender, on cream surface","Overhead flat lay photograph, men's romantic-classic blend outfit, soft powder blue cashmere V-neck sweater laid flat with white shirt collar peeking, navy wool trousers folded neatly, brown suede tassel loafers, subtle floral-print silk pocket square, arranged on cream linen surface, leather-bound poetry book, dried sprig of lavender, warm soft natural daylight, editorial styling, refined gentle composition, high-end fashion photography, 4k, photorealistic",
P072,Female,Romantic,Classic,Blend,Moderate,Neutral,"romantic, classic, blend, female","Refined feminine — pearl-button cardigan in ivory, silk blouse in blush, tailored navy skirt, pointed kitten heels, pearl bracelet","Vintage perfume, single white rose, on cream marble surface","Overhead flat lay photograph, women's romantic-classic blend outfit, ivory pearl-button cardigan laid flat, blush pink silk blouse, tailored navy pencil skirt, pointed nude kitten heels, delicate pearl bracelet, arranged on cream marble surface, vintage glass perfume bottle, single white rose, warm soft natural daylight, editorial styling, refined feminine composition, high-end fashion photography, 4k, photorealistic",
CONTEXT VARIATION IMAGES — 32 images (8 archetypes × 2 contexts × 2 genders),,,,,,,,,,,
P073,Male,Classic,—,Context,Moderate,Casual,"classic, context, casual, male","Weekend classic — polo shirt in navy, khaki chinos, white leather sneakers, woven belt","Sunglasses, weekend bag corner, on light surface","Overhead flat lay photograph, men's casual classic outfit, navy polo shirt folded neatly, khaki cotton chinos, clean white leather sneakers, woven cotton belt, arranged on light cream surface, tortoiseshell sunglasses, corner of canvas weekend bag, warm bright daylight, editorial styling, relaxed weekend composition, high-end lifestyle photography, 4k, photorealistic",
P074,Male,Classic,—,Context,Moderate,Elevated,"classic, context, elevated, male","Evening classic — midnight navy suit, white French-cuff shirt, silver cufflinks, dark tie, pocket square","Silver tie bar, on dark polished surface","Overhead flat lay photograph, men's elevated classic evening outfit, midnight navy wool suit laid precisely, white French-cuff dress shirt, dark silk tie, white pocket square, silver cufflinks, arranged on dark polished wood surface, silver tie bar, warm dramatic evening lighting, editorial styling, refined formal composition, high-end fashion photography, 4k, photorealistic",
P075,Female,Classic,—,Context,Moderate,Casual,"classic, context, casual, female","Weekend classic — striped Breton tee, white jeans, tan ballet flats, small gold hoops","Straw tote edge, sunglasses, on light wood surface","Overhead flat lay photograph, women's casual classic outfit, navy and white striped Breton tee folded neatly, white jeans folded beside, tan leather ballet flats, small gold hoop earrings, arranged on light wood surface, edge of straw tote bag, tortoiseshell sunglasses, warm bright daylight, editorial styling, relaxed weekend composition, high-end lifestyle photography, 4k, photorealistic",
P076,Female,Classic,—,Context,Moderate,Elevated,"classic, context, elevated, female","Evening classic — little black dress, pointed heels, diamond studs, clutch in gold","Champagne glass, on dark marble surface","Overhead flat lay photograph, women's elevated classic evening outfit, elegant little black dress laid beautifully, pointed black heels, diamond stud earrings, small gold clutch bag, arranged on dark marble surface, champagne glass, warm dramatic evening lighting, editorial styling, refined formal composition, high-end fashion photography, 4k, photorealistic",
P077,Male,Minimalist,—,Context,Moderate,Casual,"minimalist, context, casual, male","Weekend minimal — white tee, stone-wash relaxed jeans, grey sneakers",Single object on concrete,"Overhead flat lay photograph, men's casual minimalist outfit, white cotton tee folded precisely, stone-wash relaxed jeans folded beside, grey suede minimalist sneakers, arranged on light concrete surface, single smooth stone, sparse calm composition, soft natural daylight, editorial styling, high-end fashion photography, 4k, photorealistic",
P078,Male,Minimalist,—,Context,Moderate,Elevated,"minimalist, context, elevated, male","Formal minimal — all-black suit, black shirt, no tie, polished black shoes",Single object on dark surface,"Overhead flat lay photograph, men's elevated minimalist outfit, black wool suit laid precisely, black dress shirt, polished black derby shoes, no tie no accessories, arranged on dark matte surface, single dark geometric object, extremely spare composition, soft directional lighting, editorial styling, high-end fashion photography, 4k, photorealistic",
P079,Female,Minimalist,—,Context,Moderate,Casual,"minimalist, context, casual, female","Weekend minimal — oversized white shirt, black leggings, white slip-on sneakers",Single cup on white surface,"Overhead flat lay photograph, women's casual minimalist outfit, oversized white cotton shirt folded gently, black leggings folded beside, white slip-on leather sneakers, arranged on white surface, single white ceramic cup, sparse calm composition, soft natural daylight, editorial styling, high-end fashion photography, 4k, photorealistic",
P080,Female,Minimalist,—,Context,Moderate,Elevated,"minimalist, context, elevated, female","Formal minimal — black silk slip dress, black pointed heels, single gold ear cuff",Single object on dark surface,"Overhead flat lay photograph, women's elevated minimalist outfit, black silk slip dress laid beautifully, pointed black heels, single gold ear cuff, zero other accessories, arranged on dark matte surface, single dark geometric object, extremely spare composition, soft directional lighting, editorial styling, high-end fashion photography, 4k, photorealistic",
P081,Male,Romantic,—,Context,Moderate,Casual,"romantic, context, casual, male","Weekend romantic — soft floral print tee, light wash jeans, canvas espadrilles","Iced coffee, dried flowers on light surface","Overhead flat lay photograph, men's casual romantic outfit, soft muted floral print tee folded gently, light wash jeans folded beside, tan canvas espadrilles, arranged on light cream surface, iced coffee in glass, scattered dried flower petals, warm soft daylight, editorial styling, gentle relaxed composition, high-end lifestyle photography, 4k, photorealistic",
P082,Male,Romantic,—,Context,Moderate,Elevated,"romantic, context, elevated, male","Evening romantic — deep wine velvet blazer, cream silk shirt, dark trousers, velvet loafers","Rose, vintage ring box on velvet surface","Overhead flat lay photograph, men's elevated romantic evening outfit, deep wine velvet blazer laid flat, cream silk dress shirt, dark tailored trousers, dark velvet loafers, arranged on dark velvet surface, single deep red rose, vintage ring box, warm dramatic golden lighting, editorial styling, luxurious romantic composition, high-end fashion photography, 4k, photorealistic",
P083,Female,Romantic,—,Context,Moderate,Casual,"romantic, context, casual, female","Weekend romantic — floral cotton blouse, denim skirt, tan sandals, daisy chain bracelet","Fresh flowers, straw hat on light surface","Overhead flat lay photograph, women's casual romantic outfit, floral cotton blouse in soft colors folded gently, light denim skirt, tan leather sandals, delicate daisy chain bracelet, arranged on light painted wood surface, small bunch of fresh daisies, straw sun hat, warm soft daylight, editorial styling, gentle relaxed composition, high-end lifestyle photography, 4k, photorealistic",
P084,Female,Romantic,—,Context,Moderate,Elevated,"romantic, context, elevated, female","Evening romantic — blush silk gown, crystal drop earrings, satin clutch, strappy heels","Rose petals, champagne, on silk surface","Overhead flat lay photograph, women's elevated romantic evening outfit, blush silk midi gown laid beautifully, crystal drop earrings, satin clutch in champagne gold, strappy heeled sandals, arranged on draped champagne silk surface, scattered rose petals, champagne coupe glass, warm dramatic golden lighting, editorial styling, luxurious romantic composition, high-end fashion photography, 4k, photorealistic",
P085,Male,Natural,—,Context,Moderate,Casual,"natural, context, casual, male","Beach natural — linen tee in sand, cotton drawstring shorts, leather flip flops","Sunscreen, shell on driftwood surface","Overhead flat lay photograph, men's casual natural beach outfit, sand-colored linen tee folded casually, cotton drawstring shorts in faded olive, brown leather flip flops, arranged on driftwood surface, natural sunscreen tube, single seashell, warm bright daylight, editorial styling, beach relaxed composition, high-end lifestyle photography, 4k, photorealistic",
P086,Male,Natural,—,Context,Moderate,Elevated,"natural, context, elevated, male","Refined natural — quality linen suit in warm stone, white cotton shirt, leather sandals","Olive branch, on stone surface","Overhead flat lay photograph, men's elevated natural outfit, warm stone-colored linen suit laid flat, white cotton shirt, quality leather sandals, arranged on natural stone surface, small olive branch, warm golden daylight, editorial styling, refined organic composition, high-end fashion photography, 4k, photorealistic",
P087,Female,Natural,—,Context,Moderate,Casual,"natural, context, casual, female","Beach natural — crochet cover-up, linen shorts, woven sandals","Woven tote, shell on sand-colored surface","Overhead flat lay photograph, women's casual natural beach outfit, cream crochet cover-up laid gently, natural linen shorts, woven straw sandals, arranged on sand-colored surface, woven straw tote bag, small seashell, warm bright daylight, editorial styling, beach relaxed composition, high-end lifestyle photography, 4k, photorealistic",
P088,Female,Natural,—,Context,Moderate,Elevated,"natural, context, elevated, female","Refined natural — tailored linen dress in warm clay, leather belt, quality leather sandals","Ceramic bowl, olive branch on stone surface","Overhead flat lay photograph, women's elevated natural outfit, tailored warm clay linen dress laid beautifully, woven leather belt, quality tan leather sandals, wooden bangle, arranged on natural stone surface, handmade ceramic bowl, olive branch, warm golden daylight, editorial styling, refined organic composition, high-end fashion photography, 4k, photorealistic",
P089,Male,Creative,—,Context,Moderate,Casual,"creative, context, casual, male","Weekend creative — patterned short-sleeve shirt, colored shorts, printed canvas sneakers","Sketchbook, pencils on colorful surface","Overhead flat lay photograph, men's casual creative outfit, boldly patterned short-sleeve camp shirt folded, colored cotton shorts in mustard, printed canvas sneakers, arranged on colorful surface, open sketchbook, scattered colored pencils, warm bright daylight, editorial styling, playful casual composition, high-end lifestyle photography, 4k, photorealistic",
P090,Male,Creative,—,Context,Moderate,Elevated,"creative, context, elevated, male","Evening creative — jewel-toned velvet blazer, patterned shirt, dark trousers, statement shoes","Art catalogue, on rich textured surface","Overhead flat lay photograph, men's elevated creative evening outfit, jewel-toned emerald velvet blazer laid flat, subtly patterned dress shirt, dark tailored trousers, statement patterned dress shoes, arranged on richly textured surface, art exhibition catalogue, warm dramatic lighting, editorial styling, artistic elevated composition, high-end fashion photography, 4k, photorealistic",
P091,Female,Creative,—,Context,Moderate,Casual,"creative, context, casual, female","Weekend creative — colorful oversized cardigan, graphic tee, patterned skirt, fun sneakers","Art supplies, on painted surface","Overhead flat lay photograph, women's casual creative outfit, colorful patterned oversized cardigan laid flat, graphic art tee, patterned midi skirt in contrasting print, fun colorful sneakers, arranged on paint-spotted surface, scattered art supplies, warm bright daylight, editorial styling, playful casual composition, high-end lifestyle photography, 4k, photorealistic",
P092,Female,Creative,—,Context,Moderate,Elevated,"creative, context, elevated, female","Evening creative — sculptural dress in unexpected color, art jewelry, colored heels","Exhibition invitation, on dramatic surface","Overhead flat lay photograph, women's elevated creative evening outfit, sculptural dress in unexpected vivid color laid dramatically, oversized art-piece earrings, colored satin heels, small beaded clutch, arranged on dramatic surface, gallery exhibition invitation, warm dramatic lighting, editorial styling, artistic elevated composition, high-end fashion photography, 4k, photorealistic",
P093,Male,Edgy,—,Context,Moderate,Casual,"edgy, context, casual, male","Weekend edgy — black graphic tee, ripped black jeans, high-top sneakers, silver bracelet","Vinyl record, on dark surface","Overhead flat lay photograph, men's casual edgy outfit, black graphic band tee folded, ripped black slim jeans, black high-top sneakers, silver chain bracelet, arranged on dark wood surface, vinyl record, moody natural daylight, editorial styling, relaxed dark composition, high-end lifestyle photography, 4k, photorealistic",
P094,Male,Edgy,—,Context,Moderate,Elevated,"edgy, context, elevated, male","Evening edgy — all-black suit, black shirt, silver rings, Chelsea boots with chain detail","Dark whiskey glass, on black marble","Overhead flat lay photograph, men's elevated edgy evening outfit, all-black slim-fit suit laid precisely, black dress shirt, collection of silver rings, black Chelsea boots with subtle chain detail, arranged on black marble surface, crystal whiskey glass with dark liquid, moody dramatic lighting, editorial styling, dark refined composition, high-end fashion photography, 4k, photorealistic",
P095,Female,Edgy,—,Context,Moderate,Casual,"edgy, context, casual, female","Weekend edgy — vintage band tee, black leather mini skirt, fishnet tights, combat boots","Enamel pins, on dark surface","Overhead flat lay photograph, women's casual edgy outfit, vintage black band tee folded, black leather mini skirt, fishnet tights, black combat boots, arranged on dark textured surface, scattered enamel pins, moody natural daylight, editorial styling, relaxed dark composition, high-end lifestyle photography, 4k, photorealistic",
P096,Female,Edgy,—,Context,Moderate,Elevated,"edgy, context, elevated, female","Evening edgy — black leather dress, pointed stilettos, dramatic silver cuff, dark lip color implied by cosmetic","Dark red lipstick, on black marble","Overhead flat lay photograph, women's elevated edgy evening outfit, black leather fitted dress laid precisely, pointed black stiletto heels, dramatic wide silver cuff bracelet, arranged on black marble surface, dark red luxury lipstick tube, moody dramatic lighting, editorial styling, dark refined composition, high-end fashion photography, 4k, photorealistic",
P097,Male,Dramatic,—,Context,Moderate,Casual,"dramatic, context, casual, male","Casual dramatic — oversized black hoodie, wide-leg black trousers, chunky boots, strong silhouette even in casual","Angular sunglasses, on grey surface","Overhead flat lay photograph, men's casual dramatic outfit, oversized structured black hoodie laid flat, wide-leg black trousers, chunky-sole black boots, arranged on grey surface, angular black sunglasses, clean but powerful composition, soft directional lighting with shadow, editorial styling, high-end fashion photography, 4k, photorealistic",
P098,Male,Dramatic,—,Context,Moderate,Elevated,"dramatic, context, elevated, male","Evening dramatic — black tuxedo with peak lapels, white shirt, black bow tie, patent shoes",Cufflinks on stark black and white surface,"Overhead flat lay photograph, men's elevated dramatic evening outfit, black tuxedo with sharp peak lapels laid precisely, crisp white dress shirt, black silk bow tie, patent black oxford shoes, onyx cufflinks, arranged on stark black and white surface, dramatic lighting with extreme contrast, editorial styling, powerful formal composition, high-end fashion photography, 4k, photorealistic",
P099,Female,Dramatic,—,Context,Moderate,Casual,"dramatic, context, casual, female","Casual dramatic — oversized structured blazer, fitted black tee, wide-leg trousers, chunky boots","Bold sunglasses, on grey surface","Overhead flat lay photograph, women's casual dramatic outfit, oversized structured black blazer with strong shoulders laid flat, fitted black tee, wide-leg black trousers, chunky-sole black boots, arranged on grey surface, bold angular black sunglasses, clean but powerful composition, soft directional lighting with shadow, editorial styling, high-end fashion photography, 4k, photorealistic",
P100,Female,Dramatic,—,Context,Moderate,Elevated,"dramatic, context, elevated, female","Evening dramatic — floor-length black gown with architectural detail, statement earrings, pointed heels",Single dramatic object on stark surface,"Overhead flat lay photograph, women's elevated dramatic evening outfit, floor-length black gown with architectural pleating detail laid dramatically, large geometric gold statement earrings, pointed black satin heels, arranged on stark white surface, single dramatic angular gold object, extreme directional lighting with deep shadows, editorial styling, powerful formal composition, high-end fashion photography, 4k, photorealistic",
P101,Male,Sporty,—,Context,Moderate,Casual,"sporty, context, casual, male","Weekend sporty — cotton jersey polo, drawstring shorts, casual sneakers, rubber watch","Basketball nearby, on outdoor surface","Overhead flat lay photograph, men's casual sporty weekend outfit, cotton jersey polo in grey folded, drawstring athletic shorts in navy, casual running sneakers, rubber sport watch, arranged on outdoor concrete surface, basketball partially visible, warm outdoor daylight, editorial styling, active weekend composition, high-end lifestyle photography, 4k, photorealistic",
P102,Male,Sporty,—,Context,Moderate,Elevated,"sporty, context, elevated, male","Smart sporty — tailored jogger trousers, structured bomber jacket, premium leather sneakers, quality tee","Premium bag, on clean surface","Overhead flat lay photograph, men's elevated sporty outfit, structured navy bomber jacket laid flat, premium white cotton tee, tailored black jogger trousers, premium white leather sneakers, arranged on clean light surface, premium nylon messenger bag corner, clean bright daylight, editorial styling, polished athletic composition, high-end fashion photography, 4k, photorealistic",
P103,Female,Sporty,—,Context,Moderate,Casual,"sporty, context, casual, female","Weekend sporty — oversized sweatshirt, bike shorts, chunky sneakers, sporty sunglasses","Yoga mat rolled, on outdoor surface","Overhead flat lay photograph, women's casual sporty weekend outfit, oversized grey sweatshirt folded, black bike shorts, chunky white sneakers, sporty black sunglasses, arranged on outdoor concrete surface, rolled yoga mat partially visible, warm outdoor daylight, editorial styling, active weekend composition, high-end lifestyle photography, 4k, photorealistic",
P104,Female,Sporty,—,Context,Moderate,Elevated,"sporty, context, elevated, female","Smart sporty — sleek knit dress, structured sneakers, minimal gold jewelry, quality crossbody","Premium bag, on clean surface","Overhead flat lay photograph, women's elevated sporty outfit, sleek black fitted knit dress laid beautifully, structured white leather sneakers, minimal gold necklace, quality small crossbody bag in tan, arranged on clean light surface, clean bright daylight, editorial styling, polished athletic composition, high-end fashion photography, 4k, photorealistic",